{"cameraMode":{"drawMode":0,"name":"Shaded","section":"Shading Mode"},"sceneLighting":false,"audioPlay":false,"sceneViewState":{"m_AlwaysRefresh":false,"showFog":true,"showSkybox":false,"showFlares":true,"showImageEffects":true,"showParticleSystems":true,"showVisualEffectGraphs":true,"m_FxEnabled":true},"in2DMode":false,"pivot":{"x":0.09000001847743988,"y":0.8500000238418579,"z":-2.559999942779541},"rotation":{"x":-0.21514582633972169,"y":0.09125231206417084,"z":-0.020195957273244859,"w":-0.9721001982688904},"size":1.6272075176239014,"orthographic":false}