{"cameraMode":{"drawMode":0,"name":"Shaded","section":"Shading Mode"},"sceneLighting":false,"audioPlay":false,"sceneViewState":{"m_AlwaysRefresh":false,"showFog":true,"showSkybox":false,"showFlares":true,"showImageEffects":true,"showParticleSystems":true,"showVisualEffectGraphs":true,"m_FxEnabled":true},"in2DMode":false,"pivot":{"x":16.980051040649415,"y":-320.6466979980469,"z":-87.29814147949219},"rotation":{"x":0.016509104520082475,"y":0.8901128172874451,"z":-0.4546085298061371,"w":0.031803522258996966},"size":211.5347442626953,"orthographic":false}