{"cameraMode":{"drawMode":0,"name":"Shaded","section":"Shading Mode"},"sceneLighting":false,"audioPlay":false,"sceneViewState":{"m_AlwaysRefresh":false,"showFog":true,"showSkybox":false,"showFlares":true,"showImageEffects":true,"showParticleSystems":true,"showVisualEffectGraphs":true,"m_FxEnabled":true},"in2DMode":false,"pivot":{"x":29.062118530273439,"y":14.62004566192627,"z":-4.499063968658447},"rotation":{"x":0.34498393535614016,"y":0.006616218481212854,"z":-0.0022560572251677515,"w":0.9386452436447144},"size":1.4205368757247925,"orthographic":false}